{
    "pages": [{
            "path": "pages/Index",
            "style": {
                "navigationBarTitleText": "票盟云"
            }
        },
        {
            "path": "pages/Login",
            "style": {
                "navigationBarTitleText": "票盟云"
            }
        },
        {
            "path": "pages/My",
            "style": {
                "navigationBarTitleText": "我的"
            }
        },
        {
            "path": "pages/OpenCard",
            "style": {
                "navigationBarTitleText": "票盟云"
            }
        },
        {
            "path": "pages/SearchTitle",
            "style": {
                "navigationBarTitleText": "选择发票抬头"
            }
        },
        {
            "path": "pages/Null",
            "style": {
                "navigationBarTitleText": "票盟云"
            }
        },
        {
            "path": "pages/MyCode",
            "style": {
                "navigationBarTitleText": "我的发票"
            }
        },
        {
            "path": "pages/CodeDetails",
            "style": {
                "navigationBarTitleText": "发票详情"
            }
        },
        {
            "path": "pages/InvoiceInfo",
            "style": {
                "navigationBarTitleText": "查看发票"
            }
        }
    ],
    "window": {
        "backgroundTextStyle": "light",
        "navigationBarBackgroundColor": "#fff",
        "navigationBarTitleText": "票盟云",
        "navigationBarTextStyle": "black",
        "backgroundColor": "#eeeeee"
    },
    "globalStyle": {
        "navigationBarTextStyle": "black",
        "navigationBarTitleText": "uni-app",
        "navigationBarBackgroundColor": "#F8F8F8",
        "backgroundColor": "#F8F8F8",
        "usingComponents": {
            "van-button": "/wxcomponents/vant/button/index",
            "van-icon": "/wxcomponents/vant/icon/index",
            "van-field": "/wxcomponents/vant/field/index",
            "van-grid": "/wxcomponents/vant/grid/index",
            "van-grid-item": "/wxcomponents/vant/grid-item/index",
            "van-tabs": "/wxcomponents/vant/tabs/index",
            "van-tab": "/wxcomponents/vant/tab/index",
            "van-submit-bar": "/wxcomponents/vant/submit-bar/index",
            "van-col": "/wxcomponents/vant/col/index",
            "van-row": "/wxcomponents/vant/row/index",
            "van-radio-group": "/wxcomponents/vant/radio-group/index",
            "van-radio": "/wxcomponents/vant/radio/index",
            "van-uploader": "/wxcomponents/vant/uploader/index",
            "van-picker": "/wxcomponents/vant/picker/index",
            "van-popup": "/wxcomponents/vant/popup/index",
            "van-cell": "/wxcomponents/vant/cell/index",
            "van-empty": "/wxcomponents/vant/empty/index",
            "van-search": "/wxcomponents/vant/search/index",
            "van-dialog": "/wxcomponents/vant/dialog/index"
        }
    }
}